08311,2024/08/02,23:20,7:35,CRM,,,,,,
08311,2024/08/15,7:30,15:45,CRM,,,,,,
08311,2024/08/16,7:30,15:45,CRM,,,,,,
08311,2024/08/17,15:10,23:25,CRM,,,,,,
08311,2024/08/18,15:0,23:23,CRM,,,,,,
08311,2024/08/19,15:10,23:25,CRM,,,,,,
08311,2024/08/20,23:20,7:35,CRM,,,,,,
08311,2024/08/21,23:20,7:35,CRM,,,,,,
08311,2024/08/24,7:30,15:45,CRM,,,,,,
08311,2024/08/25,7:30,15:45,CRM,,,,,,
08311,2024/08/26,7:30,15:45,CRM,,,,,,
08311,2024/08/27,15:10,23:25,CRM,,,,,,
08311,2024/08/28,15:10,23:25,CRM,,,,,,
08311,2024/08/29,23:20,7:35,CRM,,,,,,
08311,2024/08/30,23:20,7:35,CRM,,,,,,
08311,2024/09/04,10:00,18:15,CRM,,,,,,
08311,2024/09/05,15:10,23:25,CRM,,,,,,
08311,2024/09/06,15:10,23:25,CRM,,,,,,
08311,2024/09/07,23:20,7:35,CRM,,,,,,
08311,2024/09/08,23:20,7:35,CRM,,,,,,
